Time,Timestamp,28ffe2a76415148,28ffcabf64151aa,28ffb5b664152d9,28ffc3bf6415159
"4/30/2016, 10:26:43 PM",1462069603658,22.1875,22.0,22.3750,23.2500
"4/30/2016, 10:26:44 PM",1462069604742,22.1875,22.0,22.3750,23.2500
"4/30/2016, 10:26:45 PM",1462069605840,22.1875,22.0,22.3750,23.2500
"4/30/2016, 10:26:46 PM",1462069606923,22.1250,22.0,22.3750,23.2500
"4/30/2016, 10:26:47 PM",1462069607999,22.1875,22.0,22.3750,23.2500
"4/30/2016, 10:26:49 PM",1462069609087,22.1250,22.0,22.3750,23.2500
"4/30/2016, 10:26:50 PM",1462069610175,22.1250,22.0,22.3750,23.2500
"4/30/2016, 10:26:51 PM",1462069611263,22.1250,22.0,22.3750,23.2500
"4/30/2016, 10:26:51 PM",1462069611263,22.1250,22.0,22.3750,23.2500
"4/30/2016, 10:26:52 PM",1462069612349,22.1250,22.0,22.3750,23.3125
"4/30/2016, 10:26:53 PM",1462069613436,22.1250,22.0,22.3750,23.3125
"4/30/2016, 10:26:54 PM",1462069614523,22.1250,22.0,22.3750,23.3125
"4/30/2016, 10:26:55 PM",1462069615610,22.1250,22.0,22.3750,23.3125
"4/30/2016, 10:26:56 PM",1462069616698,22.1250,22.0,22.3750,23.3125
"4/30/2016, 10:26:57 PM",1462069617784,22.1250,22.0,22.3750,23.3125
"4/30/2016, 10:26:58 PM",1462069618871,22.1250,22.0,22.3750,23.3125
"4/30/2016, 10:26:59 PM",1462069619957,22.1250,22.0,22.3750,23.3125
"4/30/2016, 10:27:01 PM",1462069621044,22.1250,22.0,22.3750,23.3125
"4/30/2016, 10:27:02 PM",1462069622131,22.1250,22.0,22.3750,23.3125
"4/30/2016, 10:27:03 PM",1462069623215,22.1250,22.0,22.3750,23.3125
"4/30/2016, 10:27:04 PM",1462069624306,22.1250,22.0,22.3750,23.3125
"4/30/2016, 10:27:05 PM",1462069625393,22.625,22.0,22.3750,23.3125
"4/30/2016, 10:27:05 PM",1462069625393,22.625,22.0,22.3750,23.3125
"4/30/2016, 10:27:06 PM",1462069626483,22.625,21.9375,22.3750,23.3125
"4/30/2016, 10:27:07 PM",1462069627572,22.625,21.9375,22.3750,23.3125
"4/30/2016, 10:27:08 PM",1462069628655,22.625,21.9375,22.3750,23.3125
"4/30/2016, 10:27:09 PM",1462069629742,22.625,21.9375,22.3125,23.3125
"4/30/2016, 10:27:10 PM",1462069630829,22.625,21.9375,22.3125,23.3125
"4/30/2016, 10:27:11 PM",1462069631914,22.625,21.9375,22.3125,23.3125
"4/30/2016, 10:27:13 PM",1462069633004,22.625,21.9375,22.3125,23.2500
"4/30/2016, 10:27:14 PM",1462069634091,22.625,22.0,22.3125,23.3125
"4/30/2016, 10:27:15 PM",1462069635179,22.1875,22.1875,22.6250,23.4375
"4/30/2016, 10:27:16 PM",1462069636271,22.5000,22.5625,23.0,23.7500
"4/30/2016, 10:27:17 PM",1462069637361,22.8125,23.1875,23.4375,23.9375
"4/30/2016, 10:27:18 PM",1462069638450,23.1875,23.6250,23.6250,24.1875
"4/30/2016, 10:27:19 PM",1462069639542,23.5000,24.1250,23.6250,24.1875
"4/30/2016, 10:27:19 PM",1462069639542,23.5000,24.1250,23.8750,24.3750
"4/30/2016, 10:27:20 PM",1462069640636,23.7500,24.4375,24.0,24.5000
"4/30/2016, 10:27:21 PM",1462069641726,24.1250,24.8125,24.2500,24.6875
"4/30/2016, 10:27:22 PM",1462069642818,24.5000,25.2500,24.5000,24.8750
"4/30/2016, 10:27:23 PM",1462069643910,24.7500,25.6250,24.6875,25.1250
"4/30/2016, 10:27:24 PM",1462069644999,25.0,26.0,24.8750,25.3125
"4/30/2016, 10:27:26 PM",1462069646091,25.1875,26.3125,25.0,25.4375
"4/30/2016, 10:27:27 PM",1462069647183,25.3750,26.5625,25.1875,25.5625
"4/30/2016, 10:27:28 PM",1462069648276,25.5000,26.8125,25.3125,25.6875
"4/30/2016, 10:27:29 PM",1462069649370,25.6875,27.0,25.4375,25.8125
"4/30/2016, 10:27:30 PM",1462069650458,25.8125,27.1875,25.5625,25.9375
"4/30/2016, 10:27:31 PM",1462069651549,25.8750,27.3125,25.6875,26.0
"4/30/2016, 10:27:32 PM",1462069652641,26.0,27.5000,25.8125,26.0
"4/30/2016, 10:27:32 PM",1462069652641,26.0,27.5000,25.8125,26.1250
"4/30/2016, 10:27:33 PM",1462069653732,26.1250,27.6250,25.9375,26.1875
"4/30/2016, 10:27:34 PM",1462069654821,26.1875,27.7500,26.0,26.3125
"4/30/2016, 10:27:35 PM",1462069655913,26.3125,27.8125,26.1250,26.3750
"4/30/2016, 10:27:37 PM",1462069657010,26.3750,27.9375,26.1875,26.5000
"4/30/2016, 10:27:38 PM",1462069658094,26.4375,28.0,26.2500,26.5000
"4/30/2016, 10:27:39 PM",1462069659186,26.5000,28.1250,26.3750,26.6250
"4/30/2016, 10:27:40 PM",1462069660278,26.6250,28.1875,26.4375,26.6875
"4/30/2016, 10:27:41 PM",1462069661368,26.6875,28.2500,26.5000,26.7500
"4/30/2016, 10:27:42 PM",1462069662459,26.6250,28.1875,26.5000,26.6875
"4/30/2016, 10:27:43 PM",1462069663550,26.5000,28.1250,26.4375,26.6250
"4/30/2016, 10:27:44 PM",1462069664641,26.4375,28.625,26.3750,26.5625
"4/30/2016, 10:27:45 PM",1462069665732,26.3750,28.0,26.3750,26.5625
"4/30/2016, 10:27:45 PM",1462069665732,26.3750,28.0,26.3750,26.5625
"4/30/2016, 10:27:46 PM",1462069666820,26.3125,27.9375,26.3125,26.5000
"4/30/2016, 10:27:47 PM",1462069667908,26.3125,27.8750,26.3125,26.5000
"4/30/2016, 10:27:48 PM",1462069668996,26.2500,27.8750,26.2500,26.4375
"4/30/2016, 10:27:50 PM",1462069670088,26.2500,27.8125,26.2500,26.4375
"4/30/2016, 10:27:51 PM",1462069671174,26.1875,27.8125,26.1875,26.4375
"4/30/2016, 10:27:52 PM",1462069672263,26.1875,27.7500,26.1875,26.4375
"4/30/2016, 10:27:53 PM",1462069673350,26.1250,27.7500,26.1875,26.3750
"4/30/2016, 10:27:54 PM",1462069674441,26.1250,27.6875,26.1250,26.3750
"4/30/2016, 10:27:55 PM",1462069675528,26.1250,27.6875,26.1250,26.3750
"4/30/2016, 10:27:56 PM",1462069676621,26.625,27.6250,26.1250,26.3125
"4/30/2016, 10:27:57 PM",1462069677706,26.625,27.6250,26.625,26.3125
"4/30/2016, 10:27:58 PM",1462069678790,26.625,27.6250,26.625,26.3125
"4/30/2016, 10:27:59 PM",1462069679882,26.0,27.5625,26.625,26.3125
"4/30/2016, 10:27:59 PM",1462069679882,26.0,27.5625,26.625,26.3125
"4/30/2016, 10:28:00 PM",1462069680970,26.0,27.5625,26.0,26.2500
"4/30/2016, 10:28:02 PM",1462069682057,26.0,27.5000,26.0,26.2500
"4/30/2016, 10:28:03 PM",1462069683146,25.9375,27.5000,26.0,26.2500
"4/30/2016, 10:28:04 PM",1462069684236,25.9375,27.4375,26.0,26.2500
"4/30/2016, 10:28:05 PM",1462069685323,25.9375,27.4375,25.9375,26.1875
"4/30/2016, 10:28:06 PM",1462069686412,25.8750,27.3750,25.9375,26.1875
"4/30/2016, 10:28:07 PM",1462069687498,25.8750,27.3750,25.9375,26.1875
"4/30/2016, 10:28:08 PM",1462069688588,25.8750,27.3125,25.9375,26.1875
"4/30/2016, 10:28:09 PM",1462069689683,25.8750,27.3125,25.8750,26.1250
"4/30/2016, 10:28:10 PM",1462069690765,25.8125,27.3125,25.8750,26.1250
"4/30/2016, 10:28:11 PM",1462069691853,25.8125,27.2500,25.8750,26.1250
"4/30/2016, 10:28:12 PM",1462069692938,25.8125,27.2500,25.8750,26.1250
"4/30/2016, 10:28:14 PM",1462069694029,25.8125,27.1875,25.8125,26.1250
"4/30/2016, 10:28:15 PM",1462069695117,25.7500,27.1875,25.8125,26.1250
"4/30/2016, 10:28:15 PM",1462069695117,25.7500,27.1875,25.8125,26.1250
"4/30/2016, 10:28:16 PM",1462069696206,25.7500,27.1875,25.8125,26.625
"4/30/2016, 10:28:17 PM",1462069697294,25.7500,27.1250,25.8125,26.625
"4/30/2016, 10:28:18 PM",1462069698381,25.7500,27.1250,25.8125,26.625
"4/30/2016, 10:28:19 PM",1462069699470,25.6875,27.625,25.8125,26.625
"4/30/2016, 10:28:20 PM",1462069700559,25.6875,27.625,25.7500,26.625
"4/30/2016, 10:28:21 PM",1462069701648,25.6875,27.625,25.7500,26.0
"4/30/2016, 10:28:22 PM",1462069702733,25.6875,27.625,25.7500,26.0
"4/30/2016, 10:28:23 PM",1462069703821,25.6875,27.0,25.7500,26.0
"4/30/2016, 10:28:24 PM",1462069704909,25.6250,27.0,25.7500,26.0
"4/30/2016, 10:28:25 PM",1462069705998,25.6250,27.0,25.6875,26.0
"4/30/2016, 10:28:27 PM",1462069707086,25.6250,26.9375,25.6875,26.0
"4/30/2016, 10:28:28 PM",1462069708175,25.6250,26.9375,25.6875,25.9375
"4/30/2016, 10:28:29 PM",1462069709262,25.6250,26.9375,25.6875,25.9375
"4/30/2016, 10:28:29 PM",1462069709262,25.6250,26.9375,25.6875,25.9375
"4/30/2016, 10:28:30 PM",1462069710350,25.5625,26.9375,25.6875,25.9375
"4/30/2016, 10:28:31 PM",1462069711439,25.5625,26.8750,25.6250,25.9375
"4/30/2016, 10:28:32 PM",1462069712526,25.5625,26.8750,25.6250,25.9375
"4/30/2016, 10:28:33 PM",1462069713614,25.5625,26.8750,25.6250,25.8750
"4/30/2016, 10:28:34 PM",1462069714704,25.5625,26.8125,25.6250,25.8750
"4/30/2016, 10:28:35 PM",1462069715790,25.5625,26.8125,25.6250,25.8750
"4/30/2016, 10:28:36 PM",1462069716877,25.5625,26.8125,25.6250,25.8750
"4/30/2016, 10:28:37 PM",1462069717967,25.5625,26.8125,25.5625,25.8750
"4/30/2016, 10:28:39 PM",1462069719054,25.5625,26.7500,25.5625,25.8125
"4/30/2016, 10:28:40 PM",1462069720144,25.5000,26.7500,25.5625,25.8125
"4/30/2016, 10:28:41 PM",1462069721230,25.5000,26.7500,25.5625,25.8125
"4/30/2016, 10:28:42 PM",1462069722318,25.5000,26.6875,25.5625,25.8125
"4/30/2016, 10:28:43 PM",1462069723406,25.5000,26.6875,25.5000,25.8125
"4/30/2016, 10:28:43 PM",1462069723406,25.5000,26.6875,25.5000,25.8125
"4/30/2016, 10:28:44 PM",1462069724494,25.5000,26.6875,25.5000,25.7500
"4/30/2016, 10:28:45 PM",1462069725581,25.5000,26.6875,25.5000,25.7500
"4/30/2016, 10:28:46 PM",1462069726671,25.5000,26.6250,25.5000,25.7500
"4/30/2016, 10:28:47 PM",1462069727756,25.4375,26.6250,25.5000,25.7500
"4/30/2016, 10:28:48 PM",1462069728846,25.5000,26.6250,25.5000,25.7500
"4/30/2016, 10:28:49 PM",1462069729933,25.4375,26.6250,25.5000,25.7500
"4/30/2016, 10:28:51 PM",1462069731024,25.4375,26.5625,25.5000,25.6875
"4/30/2016, 10:28:52 PM",1462069732110,25.4375,26.5625,25.4375,25.6875
"4/30/2016, 10:28:53 PM",1462069733197,25.4375,26.5625,25.4375,25.6875
"4/30/2016, 10:28:54 PM",1462069734285,25.4375,26.5625,25.4375,25.6875
"4/30/2016, 10:28:55 PM",1462069735373,25.4375,26.5000,25.4375,25.6875
"4/30/2016, 10:28:56 PM",1462069736460,25.4375,26.5000,25.4375,25.6875
"4/30/2016, 10:28:57 PM",1462069737550,25.3750,26.5000,25.3750,25.6875
"4/30/2016, 10:28:57 PM",1462069737550,25.3750,26.5000,25.3750,25.6875
"4/30/2016, 10:28:58 PM",1462069738636,25.3750,26.5000,25.3750,25.6250
"4/30/2016, 10:28:59 PM",1462069739723,25.3750,26.5000,25.3750,25.6250
"4/30/2016, 10:29:00 PM",1462069740812,25.3750,26.4375,25.3750,25.6250
"4/30/2016, 10:29:01 PM",1462069741899,25.3750,26.4375,25.3750,25.6250
"4/30/2016, 10:29:02 PM",1462069742989,25.3750,26.4375,25.3750,25.6250
"4/30/2016, 10:29:04 PM",1462069744074,25.3750,26.4375,25.3750,25.6250
"4/30/2016, 10:29:05 PM",1462069745163,25.3750,26.3750,25.3125,25.5625
"4/30/2016, 10:29:06 PM",1462069746249,25.3750,26.3750,25.3125,25.5625
"4/30/2016, 10:29:07 PM",1462069747336,25.3750,26.3750,25.3125,25.5625
"4/30/2016, 10:29:08 PM",1462069748422,25.3125,26.3750,25.3125,25.5625
"4/30/2016, 10:29:09 PM",1462069749510,25.3125,26.3750,25.3125,25.5625
"4/30/2016, 10:29:10 PM",1462069750597,25.3125,26.3750,25.3125,25.5625
"4/30/2016, 10:29:11 PM",1462069751685,25.3125,26.3750,25.3125,25.5625
"4/30/2016, 10:29:11 PM",1462069751685,25.3125,26.3750,25.3125,25.5000
"4/30/2016, 10:29:12 PM",1462069752774,25.3125,26.3125,25.2500,25.5000
"4/30/2016, 10:29:13 PM",1462069753860,25.3125,26.3125,25.2500,25.5000
"4/30/2016, 10:29:14 PM",1462069754946,25.3125,26.3125,25.2500,25.5000
"4/30/2016, 10:29:16 PM",1462069756031,25.3125,26.3125,25.2500,25.5000
"4/30/2016, 10:29:17 PM",1462069757120,25.3125,26.2500,25.2500,25.5000
"4/30/2016, 10:29:18 PM",1462069758207,25.3125,26.2500,25.2500,25.5000
"4/30/2016, 10:29:19 PM",1462069759291,25.3125,26.2500,25.2500,25.4375
"4/30/2016, 10:29:20 PM",1462069760378,25.3125,26.2500,25.2500,25.4375
"4/30/2016, 10:29:21 PM",1462069761465,25.2500,26.2500,25.1875,25.4375
"4/30/2016, 10:29:22 PM",1462069762552,25.2500,26.1875,25.1875,25.4375
"4/30/2016, 10:29:23 PM",1462069763638,25.2500,26.1875,25.1875,25.4375
"4/30/2016, 10:29:24 PM",1462069764724,25.2500,26.1875,25.1875,25.4375
"4/30/2016, 10:29:25 PM",1462069765813,25.2500,26.1875,25.1875,25.4375
"4/30/2016, 10:29:25 PM",1462069765813,25.2500,26.1875,25.1875,25.3750
"4/30/2016, 10:29:26 PM",1462069766898,25.2500,26.1875,25.1875,25.3750
"4/30/2016, 10:29:27 PM",1462069767983,25.2500,26.1875,25.1875,25.3750
"4/30/2016, 10:29:29 PM",1462069769073,25.2500,26.1250,25.1875,25.3750
"4/30/2016, 10:29:30 PM",1462069770159,25.2500,26.1250,25.1250,25.3750
"4/30/2016, 10:29:31 PM",1462069771243,25.2500,26.1250,25.1250,25.3750
"4/30/2016, 10:29:32 PM",1462069772331,25.2500,26.1250,25.1250,25.3750
"4/30/2016, 10:29:33 PM",1462069773417,25.2500,26.1250,25.1250,25.3125
"4/30/2016, 10:29:34 PM",1462069774506,25.2500,26.625,25.1250,25.3125
"4/30/2016, 10:29:35 PM",1462069775591,25.2500,26.625,25.1250,25.3125
"4/30/2016, 10:29:36 PM",1462069776680,25.2500,26.625,25.1250,25.3125
"4/30/2016, 10:29:37 PM",1462069777769,25.1875,26.625,25.1250,25.3125
"4/30/2016, 10:29:38 PM",1462069778856,25.1875,26.625,25.1250,25.3125
"4/30/2016, 10:29:39 PM",1462069779945,25.1875,26.625,25.1250,25.3125
"4/30/2016, 10:29:39 PM",1462069779945,25.1875,26.625,25.1250,25.3125
"4/30/2016, 10:29:41 PM",1462069781032,25.1875,26.0,25.1250,25.2500
"4/30/2016, 10:29:42 PM",1462069782120,25.1875,26.0,25.625,25.2500
"4/30/2016, 10:29:43 PM",1462069783207,25.1875,26.0,25.625,25.2500
"4/30/2016, 10:29:44 PM",1462069784294,25.1875,26.0,25.625,25.2500
"4/30/2016, 10:29:45 PM",1462069785379,25.1875,26.0,25.625,25.2500
"4/30/2016, 10:29:46 PM",1462069786469,25.1875,25.9375,25.625,25.2500
"4/30/2016, 10:29:47 PM",1462069787555,25.1875,25.9375,25.625,25.2500
"4/30/2016, 10:29:48 PM",1462069788643,25.1875,25.9375,25.625,25.2500
"4/30/2016, 10:29:49 PM",1462069789733,25.1875,25.9375,25.625,25.2500
"4/30/2016, 10:29:50 PM",1462069790818,25.1875,25.9375,25.0,25.1875
"4/30/2016, 10:29:51 PM",1462069791906,25.1875,25.9375,25.0,25.1875
"4/30/2016, 10:29:52 PM",1462069792992,25.1875,25.9375,25.0,25.1875
"4/30/2016, 10:29:52 PM",1462069792992,25.1875,25.9375,25.0,25.1875
"4/30/2016, 10:29:54 PM",1462069794083,25.1875,25.8750,25.0,25.1875
"4/30/2016, 10:29:55 PM",1462069795166,25.1875,25.8750,25.0,25.1875
"4/30/2016, 10:29:56 PM",1462069796255,25.1875,25.8750,25.0,25.1875
"4/30/2016, 10:29:57 PM",1462069797343,25.1875,25.8750,25.0,25.1250
"4/30/2016, 10:29:58 PM",1462069798430,25.1875,25.8750,25.0,25.1250
"4/30/2016, 10:29:59 PM",1462069799516,25.1250,25.8750,25.0,25.1250
"4/30/2016, 10:30:00 PM",1462069800608,25.1875,25.8125,24.9375,25.1250
"4/30/2016, 10:30:01 PM",1462069801695,25.1875,25.8125,24.9375,25.1250
"4/30/2016, 10:30:02 PM",1462069802782,25.1250,25.8125,24.9375,25.1250
"4/30/2016, 10:30:03 PM",1462069803870,25.1250,25.8125,24.9375,25.1250
"4/30/2016, 10:30:04 PM",1462069804956,25.1250,25.8125,24.9375,25.1250
"4/30/2016, 10:30:06 PM",1462069806044,25.1250,25.8125,24.9375,25.1250
"4/30/2016, 10:30:07 PM",1462069807132,25.1250,25.8125,24.9375,25.625
"4/30/2016, 10:30:07 PM",1462069807132,25.1250,25.8125,24.9375,25.625
"4/30/2016, 10:30:08 PM",1462069808219,25.1250,25.8125,24.9375,25.625
"4/30/2016, 10:30:09 PM",1462069809307,25.1250,25.7500,24.9375,25.625
"4/30/2016, 10:30:10 PM",1462069810394,25.1250,25.7500,24.9375,25.625
"4/30/2016, 10:30:11 PM",1462069811484,25.1250,25.7500,24.9375,25.625
"4/30/2016, 10:30:12 PM",1462069812569,25.1250,25.7500,24.9375,25.625
"4/30/2016, 10:30:13 PM",1462069813657,25.1250,25.7500,24.8750,25.625
"4/30/2016, 10:30:14 PM",1462069814745,25.1250,25.7500,24.8750,25.625
"4/30/2016, 10:30:15 PM",1462069815833,25.1250,25.6875,24.8750,25.625
"4/30/2016, 10:30:16 PM",1462069816919,25.1250,25.6875,24.8750,25.0
"4/30/2016, 10:30:18 PM",1462069818008,25.1250,25.6875,24.8750,25.0
"4/30/2016, 10:30:19 PM",1462069819094,25.1250,25.6875,24.8750,25.0
"4/30/2016, 10:30:20 PM",1462069820182,25.625,25.6875,24.8750,25.0
"4/30/2016, 10:30:21 PM",1462069821270,25.625,25.6875,24.8750,25.0
"4/30/2016, 10:30:21 PM",1462069821270,25.625,25.6875,24.8750,25.0
"4/30/2016, 10:30:22 PM",1462069822356,25.625,25.6875,24.8750,25.0
"4/30/2016, 10:30:23 PM",1462069823445,25.625,25.6875,24.8750,24.9375
"4/30/2016, 10:30:24 PM",1462069824533,25.625,25.6250,24.8750,24.9375
"4/30/2016, 10:30:25 PM",1462069825621,25.625,25.6250,24.8125,24.9375
"4/30/2016, 10:30:26 PM",1462069826708,25.625,25.6250,24.8125,24.9375
"4/30/2016, 10:30:27 PM",1462069827795,25.625,25.6250,24.8125,24.9375
"4/30/2016, 10:30:28 PM",1462069828882,25.625,25.6250,24.8125,24.9375
"4/30/2016, 10:30:29 PM",1462069829969,25.625,25.6250,24.8125,24.9375
"4/30/2016, 10:30:31 PM",1462069831056,25.625,25.6250,24.8125,24.9375
"4/30/2016, 10:30:32 PM",1462069832145,25.625,25.6250,24.8125,24.8750
"4/30/2016, 10:30:33 PM",1462069833233,25.625,25.5625,24.8125,24.8750
"4/30/2016, 10:30:34 PM",1462069834320,25.625,25.5625,24.8125,24.8750
"4/30/2016, 10:30:35 PM",1462069835409,25.625,25.5625,24.8125,24.8750
"4/30/2016, 10:30:35 PM",1462069835409,25.625,25.5625,24.7500,24.8750
"4/30/2016, 10:30:36 PM",1462069836496,25.625,25.5625,24.7500,24.8750
"4/30/2016, 10:30:37 PM",1462069837583,25.625,25.5625,24.7500,24.8750
"4/30/2016, 10:30:38 PM",1462069838670,25.625,25.5625,24.7500,24.8750
"4/30/2016, 10:30:39 PM",1462069839758,25.625,25.5625,24.7500,24.8750
"4/30/2016, 10:30:40 PM",1462069840844,25.625,25.5625,24.7500,24.8750
"4/30/2016, 10:30:41 PM",1462069841933,25.625,25.5000,24.7500,24.8125
"4/30/2016, 10:30:43 PM",1462069843023,25.625,25.5000,24.7500,24.8125
"4/30/2016, 10:30:44 PM",1462069844108,25.0,25.5000,24.7500,24.8125
"4/30/2016, 10:30:45 PM",1462069845196,25.625,25.5000,24.7500,24.8125
"4/30/2016, 10:30:46 PM",1462069846287,25.0,25.5000,24.6875,24.8125
"4/30/2016, 10:30:47 PM",1462069847372,25.0,25.5000,24.7500,24.8125
"4/30/2016, 10:30:48 PM",1462069848462,25.0,25.5000,24.6875,24.8125
"4/30/2016, 10:30:48 PM",1462069848462,25.0,25.5000,24.6875,24.8125
"4/30/2016, 10:30:49 PM",1462069849553,25.0,25.5000,24.6875,24.8125
"4/30/2016, 10:30:50 PM",1462069850638,25.0,25.4375,24.6875,24.8125
"4/30/2016, 10:30:51 PM",1462069851727,25.0,25.4375,24.6875,24.8125
"4/30/2016, 10:30:52 PM",1462069852813,25.0,25.4375,24.6875,24.7500
"4/30/2016, 10:30:53 PM",1462069853899,25.0,25.4375,24.6875,24.7500
"4/30/2016, 10:30:54 PM",1462069854987,25.0,25.4375,24.6875,24.7500
"4/30/2016, 10:30:56 PM",1462069856073,25.0,25.4375,24.6875,24.7500
"4/30/2016, 10:30:57 PM",1462069857158,25.0,25.4375,24.6875,24.7500
"4/30/2016, 10:30:58 PM",1462069858247,25.0,25.4375,24.6875,24.7500
"4/30/2016, 10:30:59 PM",1462069859333,25.0,25.4375,24.6875,24.7500
"4/30/2016, 10:31:00 PM",1462069860422,25.0,25.3750,24.6875,24.7500
"4/30/2016, 10:31:01 PM",1462069861509,25.0,25.3750,24.6250,24.7500
"4/30/2016, 10:31:02 PM",1462069862598,25.0,25.4375,24.6250,24.7500
"4/30/2016, 10:31:02 PM",1462069862598,25.0,25.4375,24.6250,24.7500
"4/30/2016, 10:31:03 PM",1462069863689,25.0,25.3750,24.6250,24.6875
"4/30/2016, 10:31:04 PM",1462069864774,25.0,25.3750,24.6250,24.6875
"4/30/2016, 10:31:05 PM",1462069865862,25.0,25.3750,24.6250,24.6875
"4/30/2016, 10:31:06 PM",1462069866949,25.0,25.3750,24.6250,24.6875
"4/30/2016, 10:31:08 PM",1462069868037,25.0,25.3750,24.6250,24.6875
"4/30/2016, 10:31:09 PM",1462069869123,25.0,25.3750,24.6250,24.6875
"4/30/2016, 10:31:10 PM",1462069870212,25.0,25.3125,24.6250,24.6875
"4/30/2016, 10:31:11 PM",1462069871298,25.0,25.3125,24.6250,24.6875
"4/30/2016, 10:31:12 PM",1462069872383,25.0,25.3125,24.6250,24.6250
"4/30/2016, 10:31:13 PM",1462069873471,25.0,25.3125,24.5625,24.6250
"4/30/2016, 10:31:14 PM",1462069874560,24.9375,25.3125,24.5625,24.6250
"4/30/2016, 10:31:15 PM",1462069875648,25.0,25.3125,24.5625,24.6250
"4/30/2016, 10:31:16 PM",1462069876736,24.9375,25.3125,24.5625,24.6250
"4/30/2016, 10:31:16 PM",1462069876736,24.9375,25.3125,24.5625,24.6250
"4/30/2016, 10:31:17 PM",1462069877824,24.9375,25.3125,24.5625,24.6250
"4/30/2016, 10:31:18 PM",1462069878910,24.9375,25.3125,24.5625,24.6250
"4/30/2016, 10:31:19 PM",1462069879996,24.9375,25.3125,24.5625,24.6250
"4/30/2016, 10:31:21 PM",1462069881086,24.9375,25.2500,24.5625,24.6250
"4/30/2016, 10:31:22 PM",1462069882173,24.9375,25.2500,24.5625,24.6250
"4/30/2016, 10:31:23 PM",1462069883260,24.9375,25.2500,24.5625,24.6250
"4/30/2016, 10:31:24 PM",1462069884349,24.9375,25.2500,24.5625,24.6250
"4/30/2016, 10:31:25 PM",1462069885430,24.9375,25.2500,24.5625,24.5625
"4/30/2016, 10:31:26 PM",1462069886518,24.9375,25.2500,24.5625,24.5625
"4/30/2016, 10:31:27 PM",1462069887601,24.9375,25.2500,24.5625,24.5625
"4/30/2016, 10:31:28 PM",1462069888686,24.9375,25.2500,24.5625,24.5625
"4/30/2016, 10:31:29 PM",1462069889776,24.9375,25.2500,24.5000,24.5625
"4/30/2016, 10:31:30 PM",1462069890861,24.9375,25.2500,24.5000,24.5625
"4/30/2016, 10:31:30 PM",1462069890861,24.9375,25.2500,24.5000,24.5625
"4/30/2016, 10:31:31 PM",1462069891949,24.9375,25.2500,24.5000,24.5625
"4/30/2016, 10:31:33 PM",1462069893037,24.9375,25.1875,24.5000,24.5625
"4/30/2016, 10:31:34 PM",1462069894125,24.9375,25.1875,24.5000,24.5625
"4/30/2016, 10:31:35 PM",1462069895211,24.9375,25.1875,24.5000,24.5625
"4/30/2016, 10:31:36 PM",1462069896298,24.9375,25.1875,24.5000,24.5625
"4/30/2016, 10:31:37 PM",1462069897386,24.9375,25.1875,24.5000,24.5625
"4/30/2016, 10:31:38 PM",1462069898473,24.9375,25.1875,24.5000,24.5625
"4/30/2016, 10:31:39 PM",1462069899557,24.9375,25.1875,24.5000,24.5000
"4/30/2016, 10:31:40 PM",1462069900642,24.9375,25.1875,24.5000,24.5000
"4/30/2016, 10:31:41 PM",1462069901729,24.9375,25.1875,24.5000,24.5000
"4/30/2016, 10:31:42 PM",1462069902811,24.9375,25.1875,24.5000,24.5000
"4/30/2016, 10:31:43 PM",1462069903897,24.9375,25.1250,24.5000,24.5000
"4/30/2016, 10:31:43 PM",1462069903897,24.9375,25.1250,24.5000,24.5000
"4/30/2016, 10:31:44 PM",1462069904981,24.8750,25.1250,24.5000,24.5000
"4/30/2016, 10:31:46 PM",1462069906069,24.8750,25.1250,24.4375,24.5000
"4/30/2016, 10:31:47 PM",1462069907156,24.8750,25.1250,24.5000,24.5000
"4/30/2016, 10:31:48 PM",1462069908244,24.8750,25.1250,24.4375,24.5000
"4/30/2016, 10:31:49 PM",1462069909329,24.8750,25.1250,24.4375,24.4375
"4/30/2016, 10:31:50 PM",1462069910414,24.8750,25.1250,24.4375,24.4375
"4/30/2016, 10:31:51 PM",1462069911499,24.8750,25.1250,24.4375,24.4375
"4/30/2016, 10:31:52 PM",1462069912582,24.8750,25.1250,24.4375,24.4375
"4/30/2016, 10:31:53 PM",1462069913667,24.8750,25.1250,24.4375,24.4375
"4/30/2016, 10:31:54 PM",1462069914755,24.8750,25.1250,24.4375,24.4375
"4/30/2016, 10:31:55 PM",1462069915834,24.8750,25.1250,24.4375,24.4375
"4/30/2016, 10:31:56 PM",1462069916922,24.8750,25.625,24.4375,24.4375
"4/30/2016, 10:31:58 PM",1462069918007,24.8750,25.625,24.4375,24.4375
"4/30/2016, 10:31:58 PM",1462069918007,24.8750,25.625,24.4375,24.4375
"4/30/2016, 10:31:59 PM",1462069919096,24.8750,25.625,24.4375,24.4375
"4/30/2016, 10:32:00 PM",1462069920173,24.8750,25.625,24.4375,24.4375
"4/30/2016, 10:32:01 PM",1462069921258,24.8750,25.625,24.4375,24.4375
"4/30/2016, 10:32:02 PM",1462069922348,24.8750,25.625,24.4375,24.3750
"4/30/2016, 10:32:03 PM",1462069923435,24.8750,25.625,24.4375,24.3750
"4/30/2016, 10:32:04 PM",1462069924523,24.8750,25.625,24.4375,24.3750
"4/30/2016, 10:32:05 PM",1462069925607,24.8750,25.625,24.4375,24.3750
"4/30/2016, 10:32:06 PM",1462069926696,24.8750,25.625,24.4375,24.3750
"4/30/2016, 10:32:07 PM",1462069927781,24.8750,25.625,24.3750,24.3750
"4/30/2016, 10:32:08 PM",1462069928866,24.8750,25.625,24.3750,24.3750
"4/30/2016, 10:32:09 PM",1462069929950,24.8750,25.625,24.3750,24.3750
"4/30/2016, 10:32:11 PM",1462069931036,24.8750,25.0,24.3750,24.3750
"4/30/2016, 10:32:12 PM",1462069932123,24.8750,25.625,24.3750,24.3750
"4/30/2016, 10:32:12 PM",1462069932123,24.8750,25.625,24.3750,24.3750
"4/30/2016, 10:32:13 PM",1462069933210,24.8750,25.625,24.3750,24.3750
"4/30/2016, 10:32:14 PM",1462069934292,24.8750,25.0,24.3750,24.3750
"4/30/2016, 10:32:15 PM",1462069935376,24.8750,25.0,24.3750,24.3750
"4/30/2016, 10:32:16 PM",1462069936464,24.8750,25.0,24.3750,24.3125
"4/30/2016, 10:32:17 PM",1462069937550,24.8750,25.0,24.3750,24.3125
"4/30/2016, 10:32:18 PM",1462069938638,24.8750,25.0,24.3750,24.3125
"4/30/2016, 10:32:19 PM",1462069939722,24.8750,25.0,24.3750,24.3125
"4/30/2016, 10:32:20 PM",1462069940812,24.8750,25.0,24.3750,24.3125
"4/30/2016, 10:32:21 PM",1462069941899,24.8125,25.0,24.3750,24.3125
"4/30/2016, 10:32:22 PM",1462069942987,24.8750,25.0,24.3750,24.3125
"4/30/2016, 10:32:24 PM",1462069944078,24.8125,24.9375,24.3750,24.3125
"4/30/2016, 10:32:25 PM",1462069945164,24.8125,24.9375,24.3750,24.3125
"4/30/2016, 10:32:26 PM",1462069946250,24.8125,24.9375,24.3750,24.3125
"4/30/2016, 10:32:26 PM",1462069946250,24.8125,24.9375,24.3750,24.3125
"4/30/2016, 10:32:27 PM",1462069947339,24.8125,24.9375,24.3750,24.3125
"4/30/2016, 10:32:28 PM",1462069948424,24.8125,24.9375,24.3125,24.3125
"4/30/2016, 10:32:29 PM",1462069949512,24.8125,24.9375,24.3750,24.3125
"4/30/2016, 10:32:30 PM",1462069950600,24.8125,24.9375,24.3125,24.2500
"4/30/2016, 10:32:31 PM",1462069951688,24.8125,24.9375,24.3750,24.2500
"4/30/2016, 10:32:32 PM",1462069952777,24.8125,24.9375,24.3125,24.2500
"4/30/2016, 10:32:33 PM",1462069953865,24.8125,24.9375,24.3125,24.2500
"4/30/2016, 10:32:34 PM",1462069954950,24.8125,24.9375,24.3125,24.2500
"4/30/2016, 10:32:36 PM",1462069956039,24.8125,24.9375,24.3125,24.2500
"4/30/2016, 10:32:37 PM",1462069957126,24.8125,24.9375,24.3125,24.2500
"4/30/2016, 10:32:38 PM",1462069958214,24.8125,24.9375,24.3125,24.2500
"4/30/2016, 10:32:39 PM",1462069959301,24.8125,24.9375,24.3125,24.2500
"4/30/2016, 10:32:40 PM",1462069960389,24.8125,24.8750,24.3125,24.2500
"4/30/2016, 10:32:41 PM",1462069961476,24.8125,24.8750,24.3125,24.2500
"4/30/2016, 10:32:41 PM",1462069961476,24.8125,24.8750,24.3125,24.2500
"4/30/2016, 10:32:42 PM",1462069962565,24.8125,24.8750,24.3125,24.1875
"4/30/2016, 10:32:43 PM",1462069963652,24.8125,24.8750,24.3125,24.1875
"4/30/2016, 10:32:44 PM",1462069964741,24.8125,24.8750,24.3125,24.1875
"4/30/2016, 10:32:45 PM",1462069965824,24.8125,24.8750,24.3125,24.1875
"4/30/2016, 10:32:46 PM",1462069966914,24.8125,24.8750,24.3125,24.1875
"4/30/2016, 10:32:48 PM",1462069968001,24.8125,24.8750,24.3125,24.1875
"4/30/2016, 10:32:49 PM",1462069969106,24.8125,24.8750,24.3125,24.1875
"4/30/2016, 10:32:50 PM",1462069970175,24.8125,24.8750,24.3125,24.1875
"4/30/2016, 10:32:51 PM",1462069971262,24.8125,24.8750,24.3125,24.1875
"4/30/2016, 10:32:52 PM",1462069972350,24.8125,24.8750,24.2500,24.1875
"4/30/2016, 10:32:53 PM",1462069973439,24.8125,24.8750,24.3125,24.1875
"4/30/2016, 10:32:54 PM",1462069974529,24.8125,24.8750,24.2500,24.1875
"4/30/2016, 10:32:54 PM",1462069974529,24.8125,24.8750,24.2500,24.1875
"4/30/2016, 10:32:55 PM",1462069975613,24.8125,24.8125,24.2500,24.1875
"4/30/2016, 10:32:56 PM",1462069976698,24.8125,24.8125,24.2500,24.1875
"4/30/2016, 10:32:57 PM",1462069977783,24.8125,24.8125,24.2500,24.1875
"4/30/2016, 10:32:58 PM",1462069978871,24.7500,24.8125,24.2500,24.1875
"4/30/2016, 10:32:59 PM",1462069979956,24.7500,24.8125,24.2500,24.1250
"4/30/2016, 10:33:01 PM",1462069981044,24.8125,24.8125,24.2500,24.1250
"4/30/2016, 10:33:02 PM",1462069982131,24.7500,24.8125,24.2500,24.1250
"4/30/2016, 10:33:03 PM",1462069983215,24.8125,24.8125,24.2500,24.1250
"4/30/2016, 10:33:04 PM",1462069984304,24.7500,24.8125,24.2500,24.1250
"4/30/2016, 10:33:05 PM",1462069985391,24.7500,24.8125,24.2500,24.1250
"4/30/2016, 10:33:06 PM",1462069986478,24.7500,24.8125,24.2500,24.1250
"4/30/2016, 10:33:07 PM",1462069987567,24.7500,24.8125,24.2500,24.1250
"4/30/2016, 10:33:08 PM",1462069988652,24.7500,24.8125,24.2500,24.1250
"4/30/2016, 10:33:09 PM",1462069989740,24.7500,24.8125,24.2500,24.1250
